Wallet Address,Balance $BELLY
0x4cf5eDe4288d427d2Fec2377121c9d785EEc1126,6000
0xB08a6F61C30460c78757e74D6Ca48cAB2252d631,3000
0xB7aFA8475c4B08D8eb37320EC54a53732013872D,6000
0x2E61D43259Dc56b604a7D67D95a1BDb9dDD69c84,6000
0xAb0415cFB4a6772bDB93b80825276053a632128d,6000
0x91E2E61af6Ec6280faA75AdDc9F82C9bc8E5929d,6000
0x01Fbe38f6c03781c1382e56A3F6a97F13D83df0c,6000
0x5e6989d08b345CBBb6D92926fF8122D86319C8F9,5600
0x3442dbBe8982A9fe49f516FaC949686fb2efEC34,6000
0xAdb6Ceb4F4677b57D29cd5D580CBD1614E657b03,2000
0x62316f66eaAC0bD741500E3fAF5BC2c32A764302,6000
0xd5Cb104F11C21504fCE0ADFd16a58861B3ae9Cc7,3000
0x8D1112cB80e419341E1B184f8E610f4809619fd1,6000
0xd5078abC7e12CAF1216EE5348047927de2A74461,6000
0xfbF63dfAbfb5b6ADB69a45Be6Ed964b4be05eF51,6000
0x77B2464bb4B18303da9d1B6944Fb44a487981473,6000
0x10356003548aCEf972409688acF16eAeFA014611,6000
0xA2755ceFB44d9e65Fa2e7B7D3137AFB1D29d9463,6000
0x628ef43809602B56277f1eE45B421d39eBD5294f,3000
0xCB6E34717C4989c2d201c0D8422Ee892B7be75c3,6000
0x71Ce2df04efd49575457fCFe8A068BD46cA66373,6000
0x13b8A8642E6E790218247EB335D1B0651D272fB1,6000
0xb2618d04aC3b0676F92F285AF93634a1CeF07618,6000
0x2CE8c60e21951FE9fa3a7d1139a30320f2cB1459,6000
0xa43018683b593b77f7a2D734d6044fE6669dc9C8,6000
0x6DcdC1c65a921a485291f307F5330de5BB33F4Ee,6000
0x851f6103D2D4c1EC9F1dF99e849eB0aA227131E5,6000
0xeEC0762d37A4E2cBBFA4D16f288723ecF369Df64,6000
0x512EAAc9d76A03DdCB930Aa8d498Dd3551372efC,6000
0x220139819995298a84ba148FeAF08204453D047A,6000
0xAE83297759AAb210eb2fA3C7cF42a77d0bD2B07e,6000
0xA7ae0673E1Dc99b37f5632698F692CA1b7ce7165,6000
0xa0CBEf9ef883A41C1bB360B5D8d8f4f8BB96142A,6000
0x4975f50c50D8f28DaA0Ece50dD856Cdb014a71a3,6000
0x02274b27247014bf99Afc8b9320DDBdC24c7d5c2,6000
0x91F4B8928c20914Bd9a36D35773DeDcB59508c7D,6000
0xB25c1Cd310A7aB6602De21c9e03Ac155b24A9172,6000
0x4040a1C338A4bA99555ADCC36b23542709a62838,2100
0x8B4f21aFB3B7F7Cf258e540f6d912B373f2547c5,6000
0x522e2Fa7656E72Fce5D89bEB6d5Fd3d37248e5D0,6000
0xC3F5C9947cE4e4a965435A2EdB989e487237D312,6000
0x1c4B924E3c3a0F908DB5852A4E16ac166165CF64,6000
0x5fCBa2E86558ebfDc5420Fa6686373E989CB5f3b,6000
0x54226947F165A5234d62a0A14B0551AFBb82f3EC,6000
0x50Aa04b64296ADE23DdB4Fa3aEE6e0f3Aa23E497,6000
0x58B3100cA6Ae7d1a91dF27fBa7319D72CdaA59F6,6000
0x11339596aC95bB8E6AEd41E218a36DDE63870941,6000
0xA06B1C5c03DB23B839D09e718b9D3b7710D71563,6000
0xB6090E8809BAd3d0a619c8E326e0fD3FABED67E0,5940
0x2807C205bEDc4361D913EaBD02D30f4A0D64E559,6000
0x36c3fa0Bd49635aFCc4Ed3115B19d4d38edDa456,6000
0x8D2b1e8569fAa9169b4A53adE2BB9388F8FAB269,2540
0x32E42c977fD0C02c6A263bff17E29783e9F358fe,6000
0x74c17abdf598CCBD7dbDa33dc3312d5Aa62f89F8,880
0xaB767E790bb9c8d61aFF6c15A87De82E99E7A347,1000
0x1533dcb6C379F9A427B2415DB369871498c8495C,5400
0x85CD772d121A0792de8500cf36576269607429a6,6000
0x798ab5BC030984AdF4172df829943E6EcCfF9cC9,6000
0x99978f9270662AC6a26636bb37BF3c6dCB62bA7C,6000
0xfaf1dc307ea6E9893d09F62a1763dCdF4D67cf2A,6000
0x07F23B5215a0BD3c6b939bC5af5860c605462d28,6000
0x8cB89c245Bd1528F8862C3A9bFeED54140eAAf91,6000
0xd8e0Cd1b7720815c06618C76945dA96A3ce599E2,6000
0x6f3a4A770a7810dA05cBe1E5427dB82cE7E5feE7,6000
0x403F439a9ff6A3cFC6d6E6c0460eF8bf863EdF81,6000
0x62f782a947E305C432C4bb4B7185F79B9bFBdb8f,6000
0xBca2dFAaD57261ACC74951B32f991286B6Fcc64b,6000
0x0F4c4b9398343E592755fD8cb23d0F5f3d771f55,6000
0x42f00ec7CeD79c92070a1C0f1b936aCA195F0716,6000
0x72c88b9F0B15a52194e7392e02171dF336f4012a,6000
0x56564EAEAab3D946Cd9A54dF5F511C0d8e666666,6000
0xF97b9aEd0B0aFEf35542F09fAb3C870d750e99c8,6000
0x52a7e4E78C4D3e8C50d2b700C679e34ef117169b,6000
0x7B40B97eACCc1B9c60798B7f6a7c3E279556a99b,6000
0xA67bfF371Dbf7b0df14ccFa5DB632680cFFe3987,4000
0xF779f836a3d013D8012207dB88Fc16820F4bd7a0,6000
0x12BF113d5633536269Ea71CeD6a250e048dF7FE3,6000
0xFBbf1636ED06DA0d178f851B79bD845fcCF5E780,6000
0xadFEd7f23a61f2E7A5f2033F3dE64c3c19322C1c,6000
0x5387C75F3B46434a669A3e856c470e5a899aEC8c,6000
0xB97a62D000eFb969c531F9a28A9819DEb8605EdE,6000
0x30b3247E2cEfCDA180C69bBA625BEBc57Da2Db58,6000
0xf2408FF9CF5be253cc0c2c2B05b8790469709b3E,6000
0x7b1205D8895C209ef922439Bf71F1799532C5306,6000
0x0dF58d7D446867137824975D95b2D3235f5d3955,6000
0x5B28E91bd44945eC073ba1bA2b67e4DE42d4704d,6000
0xBf5bC61D0872605ea3d4483c2EaD95049A94B555,6000
0xC4539114777B793A1a7ba5b69Cd59F61D136762C,3000
0x606c72Cc82Dc88421867Aaa5837A7d837595A6A8,6000
0xD7AbDDAf9cCB94d1fc84fd6ad979aEF74548fd26,6000
0x19637132a4c6344E1fbE1C73E7dC06B0E0f41821,6000
0x89A3Ee25815Ef7601a2EE1EC0e0E02749f119c30,6000
0x2f2D504747fC0fF5a5e221cb187FB445A211b04a,6000
0x7164FC1DB98754a419F3C13D39996684324EA95e,2000
0xBD309e2D606405C28f23e494Da92951939d07722,6000
0xFb5d889a9a20236cF25B97C1EA33E39007584aC2,6000
0xeA1164D33045f148779C85f9f696E5F0455f6dde,6000
0xF797C2998728214C9B41e349D2C2593B0AFdbc40,6000
0x723eE94061436bc5DB4CD8bDaDee578D14648f95,6000
0xb9F1ecA1D567fb0F94990Bb831F473530EdE36d4,6000
0x023A689d404D92Fd2Dfdc34dB8134566EDA45793,6000
0x4ef48055674200ec121C289e97544a63Ea214Bc9,6000
0x63FD18C53aE6fF05E6E2E4587dD6a721b59d1587,6000
0x9b0De94F71D9faCd98d8d40bdA44319289517EB7,3800
0x5f894a69AAE84453a578e1756BFD9902Bd82151D,6000
0x8462a5902eD85194937Bd7dEf6de1eE532927002,6000
0xbabC54d66D1786f6CC544eC578AfCa7E424b136c,6000
0x578DF3844ebfCC38782B3FA53F0bc70011143Cc9,6000
0x545F74d1623256a3eDe272e307E2ef81b612a46c,3000
0x75ebc62D2ECAC6519e998e3987243f2ccdf6e276,6000
0xB1BDB642e5491715373305F2D7c554603b970d40,6000
0xEeae0b2b09F69aa6395B8BB4a8De5Faa720C9A05,5000
0x2B17ad5611b9075A5cBc9A2a3D6738a4C68E532E,6000
0x385121a132C9DbCE9c9C1A087767cf7a52C66c9F,6000
0xdB91d6bD108463a5a60a6e6d2450cd861C9e7379,6000
0xCa71bfC3f2dCF50f7a6e978B3c9B8514875Ee605,6000
0xF44AACFe5680710c4952d448d65A2F03A09B038d,6000
0x2a93ed7e73193f0a576399c456646379B2Eb56E7,5980
0x01aF730c3A9386d17bF852Cfd011B70Db90013F2,6000
0x4f502C3AA7110Afd52cc3f91F5227e9354fD318a,6000
0x7548F979100e00ed6cd0ebb57D2Fa7938C80a0cd,6000
0x3d9391bD13852817860f2DFcdc8EEB48039f5dF6,6000
0xf4ac04848b5c73a914F367383997e6D9D38653Eb,2000
0x27C7C0325548EeA23B9db30a6620Cab1B0a1147F,6000
0x5F47E3e1512df136D04b53fC247F2C89fC57cBce,6000
0x2Ab2C8bFe36160f74339A0Be4265A9c4E248A76A,2000
0xc6315CB38FC18fbe2B7351AF92d3906c8C6143dB,6000
0xa8DC7E1DD009D10449A2f29a724018e05461b017,6000
0xfC4f6183a98C483Ac801CA8E8EF055D35818e7f6,6000
0xE7FDF6FBB94Bc692c06dF9C70f4769473B040c9c,6000
0x6805e260dB96cB44AE9154A541E60525cddcBE98,6000
0xFFfEBc8fEB98ea94D8b4080FC193cCa54886C77c,6000
0x0fF86f706bce6d1DC98fC58CcF6C39ccb2047Af8,6000
0x4528Dbd0FF63380871DaF74325387FFEfaeec833,6000
0x7EBbdCA1FE248D3834ADDe8c46b80A148827C32e,6000
0x333f9F621068244095711c53d947031D572715B0,6000
0x7d784532f59A8F0Ba866832ac83CEe89b4975a79,6000
0x39B946e35b3DC215455cc95b446eDd8368928d10,4000
0x169FbC527254184a1856B2b02E758d876cDa06dC,6000
0x3153B0Ab6Db1113c031AaE23dAfBa70d2Ae8254f,6000
0x45aC530fC4df90E08D89FAe30f3419aABB3bE8ee,6000
0xeF814CD7B627AbFfcc1Ba7d53a2Be7c6dE79Cf1d,6000
0xD168a5037c109969f148874306d0395357057408,6000
0xfF7CDd0F6F808E2dfB8E12A9fe868ecAbA4d5430,2000
0x20AedA1608C3b16EA3aaca66CD4bdA0a81CE4901,6000
0xAbC39370E8016f9C140B289821554C26a9999749,6000
0xC87eC6959855718a4c20616d4468445DF21c2064,6000
0xBdbAb07982f8628ba678Ee6c798261ee344785CF,6000
0x7d0c2019f21dfA60D198eb37ecCA6a2F07B606C2,6000
0x656F75e30908E5476dDcB12EBbC9069Dd6A59487,4000
0xBcC2AD965eA14F93Cb97901805F106e3B18690C1,6000
0x3d77EA4f138721E16f71Ae407d5F01BbBb47f520,6000
0xF09206e2cd69c24e716Ba865C80BB383205Ac5c0,6000
0x8f957Cb98Cac8d91b0401E657aDc874e01888888,6000
0x1AE2B277B1de66174C914f8FC2bA8FE4DC8eD9D0,6000
0xcC2cc4f361BD97e627A8b49376E30E86DF6f9C76,1600
0x391754851b0638dFcD8431D52aC70AE34bE3c7Da,2000
0x1f119fb0C1853342515e3a869009aBe55E492386,6000
0xC0559B43f96A2297f543377AC78F41fDF8B88932,6000
0x63EE05f2106f4ad9E0944198f77d9eEAa5c236BB,6000
0xeA5945DDC8bA00db94F746Bbae5E89bE1cB6088E,6000
0x9189d1E7037BBE978f2d918aB4AD560D9b86315e,6000
0x625649fC7BfE6E63b181ac9a0BC3e84e895eC9c7,6000
0x3EC0cAFF18dFF120a73eF24987afBEc122BfA79e,6000
0x83d4b8183b21E04bfF46633eeaa0Aee0F0D96a81,6000
0xE7295252b86757DDC7B7C4FAe469cEed68A428b5,3000
0xc7FB27B6325d297D6e3f4b0B0c0c25DD02D68c51,2000
0x74B78E7A0eE1D8697033Bb0e936a27fBD1BE60eb,6000
0x72014F70C0AEAA4a2CEfE4b0d7BBA8B2a8cc29bb,3000
0x81e9d4AeC82fe852ACf132dDeeCAD3584C61977A,6000
0x8D576D23Bb6Bf110AD9709e86b960CC70ca1503D,6000
0xA24510F8D82AAC8Ad3a4F61C07641B8f30F5055c,6000
0xee3C022f176AafE0931DC7689802D33D8C63f949,6000
0x99FDd2a67ba5eC9fb98f451F0e88d0fbEc1eE121,6000
0x4ec2DcdFb3c165dA62DD1367cB42fe7551524984,6000
0x5C6866ee18e5A02a457532AbC5894b8FD5b6225E,6000
0x19C7545E41E94D9be68EE4600287dc4E98E82712,6000
0xDAa9bC477c87Cd99Bbca95670b619c7629bE4594,6000
0x600462768D3c1E5b9C0f0F50963b104bDc030447,6000
0x073b7993d04835Ca17cDe15ab6323876e6aFBb93,6000
0x6C568b173C88421D7a888049e8Bb7b076f8d2265,6000
0xdAa198a4b805eEF7847afEa6716c5B4fC687d157,6000
0xB1440fA6989bC9e4F4a5B01466c23dFD9096280C,6000
0x4c72508544b2B63373e09be30fe02082D93320C1,6000
0x95cb570dfD6476Ab01A03FFafF6773Ec7D0AEC53,6000
0x21606eE18fc1c9B398c25f56e98E6035ab434299,6000
0xBE35EBC27Bd7c53A071b136c5d4DDD5945B2B18d,6000
0x496A8422aAa0b656aA004f7F1279f6022B31af83,6000
0x7D4d02a1b3061267378F258505C9b798794fA0d1,6000
0x64E3bc97Bf2e3c34B9A7D30CEF4b7CfBE4726f86,6000
0x9DC369a844A9b369EBEf9b428FCA2ac6F3ef245d,6000
0x2CA0ff1874abb7875066D2675996f8eAeabdfBf4,6000
0x2a5Ac02BCb01A44C661129625355EF91D608A29b,6000
0xb689A89954C04C4a238697b64379810a666287ea,6000
0xafe2279A5B37937DEB8231239F0A6D9dB707720E,6000
0x2ACFacdE25C0FF0a00F03514916eF3092e83BB03,6000
0x413E63a06247696D1F65cd28Fbea1F9bEAac6e32,6000
0xEe1991Ce046ca76A32960C5Af29bcD72b7492930,6000
0x5304548012Bf52C37aAB4b262D743638E14Fe0cf,6000
0x9d09Ec3CBb97Bc6571168A155cAd17043Ff1093D,6000
0xbD3D54056734Da98C9D6b63ac4426e04D47E9782,6000
0x0018303406C8C89c29087400eE96528A1ae056c0,6000
0x6853285716a92aF6DD07F2F6aeBCA23E5b13f8f6,6000
0x77E20047Bb3010E775dde3703874E8feE4029466,6000
0x197EE304550772AD183A5EECBE1e3D6906e21f23,6000
0x76698022e1CE382aFED42608445f6A6c0228DC48,6000
0xAAB14Dcfdb422eB12f4e30A62Ff4242D771E3F4B,6000
0x5d573d976f87085D165C92eA888cb3e7E58fEE32,6000
0xfFFb609CDA6131468b17391E6E4F3124cF180333,6000
0x1495c287f9afe7D5a9F5C821976e8AcA945824E6,6000
0x492411E133595A90B8A005dce29e3e2EEA6A2671,6000
0xDd3F4d21434Fb095A5D3d2E88ec063BCf5cEEc25,6000
0x55C4b040100A57c940383c1Ec8f4816c79D9a8a4,6000
0xDf055D6d58C4b8C603BACaC4A637f95f8C79C072,5200
0xBD251F2d6E8132d44d076f12e0520F2Bc74b0013,6000
0x953237A94474ca27Ae50EFDC6b199852723c51da,1000
0xb0A71f2596d66A0C012BeCeBAaAEb89f7F8736DA,5000
0x06e71164219d52dad9cBA10759402B5A3C391E38,6000
0x18BB9ac9ffc6F7C0F8Bef1EbE3D1CC01369fc5aE,6000
0x016116f621234c47cD22910F48EF5D03D8606b00,6000
0x2E49d51D73dDFf517408affc57BBCfF797A4e7Af,6000
0x053B5AC05C40a4Bb348A6047Da6979Dd34F2822D,6000
0xaAad5d36FB11489C02BF3e01c834aCfF0BA217c6,6000
0xe83dAB7A476bE4435DDF2A88BbfA9c07EfC2c824,6000
0x1B9059DF8054671FF6AD4046886F5b79E7521064,6000
0x0b7C638496bea9a8E154962529Fe74Eef4340076,6000
0x23aa07812f11dD9feA9c54FAAb8606a1a1F5D889,1400
0xD54f6DC09FdEC7D9c3Dd7d7F3fEdaa7154f4836D,6000
0xF903E2d8cA47bb6170517256B48Ba049873328c4,6000
0x7529897524AE7F03751e7CA2dba84b079f085D34,4000
0xB64d67522c8dbB3A0b569aaDFbC5B0b0f18d0076,6000
0x5CCf0677D1D11Fa7aba215EacFF25e56D7B9500c,6000
0xAEE84B70554bbB48E7520CeBb95a3Ef38B9B285D,1200
0x1fBbEa16db55338f729B64Fd82521a912C3B176E,6000
0x2F9994048EE63271f5beB337C902B74B93A0136A,6000
0xe869D6733fE952d95d2223bd04FC974aBEE7B8Cc,3000
0xa4D8FacD4Cf1577F24F13175bF8E76e430461CC9,4000
0x93576D1c949F1629a8C047022A2539EFCE6330CB,6000
0x9FefD55674EbC732075EE6E361B696e891633724,2000
0x1CcaA87995561122f2CF75D60E5d436c12cDD97c,4000
0x8015746E794281fb2b9af17f9E3b91DDF311b9b3,6000
0xD54A19c8a9A40F99Fdb1737BaEA6cF946ec1E793,6000
0xD173b079AfBa14DCC2d71ad5276157F01C280e34,3000
0x937591BcFa43D9792C30A46897F4a257708aa0cD,6000
0x5Eb92975C00D269Eb7E3eDd2c414a6983898e972,4000
0x571a008207Ae3B4F196578278CCa65e056E081A0,6000
0x971740Ed368934875f1890898D5FFC10EA99FA43,6000
0x92C22da61b96d26c4c1243Fa552E698e3D9a06F3,2840
0x2Af61988333b4d565CFe50E196f7C08EA89DA1C1,6000
0x758386E2A19bdeBF21F73C43Be27a513099b73dA,6000
0x7642215D99A7F411C82b89905Dc31A290201f104,4000
0x8fE473B6E64f2195344ea084C86d46aC6770f1D2,6000
0x8ff6BD47138138564E64c79FD431A04a837Fa1F9,6000
0x82B1cEd5C7B7A52C930f1A5De775f5BdF68F22ee,6000
0xC762B6fd63f4a6C66524819c262F76DcfD4a3821,5000
0xEB002AF9ca6AA416BaACEfA78E5D505759286355,6000
0xB1aBB106b8943585aB40157aA6cAeAE4881eB9E6,6000
0x56360F479cFA69145184A73f64023b04C631E68a,6000
0x8deB9445c53F9cBCa2e446eb3062F264D2Da6c00,6000
0x6c4F311B2c097CB7e4C2566cB61a5F4d94999999,6000
0x0Ba48b0AEA8F86423254B787461cA35C2496f2D0,6000
0x3Dd97cD93dDC522CA0b675Bf6cDAdB954F43d7Df,3020
0xd2783454EcEcD2050d9CB384bE694092e001e0DD,6000
0xBF8aa2DcEb017ebE5e40d7635eA00bD5De707fC8,6000
0x20384BB8A2B9C9b5AA8c8fe319A9F2a1aBD79633,6000
0xD1CFbD6694CFAa673a876e6175F4e96388f47ACf,6000
0xA270e07801D5e3dDf605FF227cFeDABf0047Ae71,6000
0xbFF55C34B0d1542CA01Add163dA58c9D116c22A8,6000
0xC7716C81134D698C970e28e0328D653Ae3c97Ae7,6000
0xB441703C00C98dF59cD1A3275cE08c6657C0B616,6000
0x979C74df5DEE920069127553727974778cED7836,6000
0x0d8c8d9619d631D3c2F1E17c0F2B646Cefe6e430,6000
0x2c1b233D445a0e1485958CdB3109cBF986a62Ac1,6000
0xB1E6735AAbC39cE057647AB2cD08bC30b6E0f6fc,6000
0x6C3Eaa111C75C2969A50C07335dE00CA83116f52,6000
0xa16c604966D47a627e48b6D1c87d5748E7f26Db9,6000
0x914374ac6bcCEbE0234AfF3631BE14a43Fdc7EAE,6000
0xBd04F0eDb78841145EF5AC1DE9393C021b65C23e,6000
0x75C63FB3E4329f330a5CC178Ab2F50e2bC9736C1,6000
0x64c90E623FDfd52033121EE9Cb319D38c814bD4a,6000
0xcFcFfE706f54910DD3C98f9A7297B76BF663295D,3000
0xBB2200dF64726DC82aBCAd7765f5b59c1Da7132a,2000
0xC19B7A307f7c8b5152EbB17A0b055C5EB4C231ea,6000
0xc5Be1764fbb29306E508B0D74989AeF6ff5B6AF0,6000
0x1a71BA874EDA34Ab10D2E11C4427024280881DC8,6000
0x61e4EB4698ca6F2eb5CF29f407A4B41306Ed5A1a,6000
0x78529a5325a7CbFe0208A6fE99A829EA28b09946,6000
0xB8774d94DF1d595315c34B0CE3A7a200c99AD35C,6000
0x2F0C695B3c071213d2cB563336e4518716E09675,3000
0xec4c330749e61590B9e52610bb684Ef8C1061e21,6000
0x35f300D2A2F375b58fa81bd1347A08b4733f5ee7,4000
0x677931FDf446a7E6C98B098C43CedA8d70eA9680,6000
0x9Bd8d594fa35Dc065cb47134cC8DD6D54Db366a2,5000
0xfE102b5eDFAaDcc8dbB3A1d431BB50736733a731,6000
0x26292AD6590ECf2aC48F5E9B7Fe6fE7B00Dab418,6000
0x0fBd8bA9B32A85ef6A327A180a49E86110602f7a,6000
0x81D9DC98449a1A99110da723d4327659d8Ac5025,6000
0xA4Ed909ea744773eD5C1555AB75741BB407Ea3a2,6000
0xa042376d30105f0Cc7400c9Ae10D32e3e46490b9,6000
0x60eD99986437049d9e9445Ddbd20e665F960a165,6000
0x5F3fC0d59093DCa9a55A5561b0db0dFE84dBDe38,6000
0xd1f36DE682B60418377430f567426d5a64ab962E,6000
0x0CC386301e0D808a10EB0e4203E3780d6b95a9B0,6000
0x4eC69aD97e6F53907409F0CC7959EE563d454C68,6000
0x97BF6Aff536348CE4E98dE8433e3b80A91EA29f4,2000
0xB52C1b48b0B9ee39Bec82653759Cc9B39ee095b4,6000
0xfd7EDDfDb1d5FFc1816120aac12F97E709d850B1,3000
0x0776d0Ce8FA2352416bDC95e5BB3224bdec7Af3A,1600
0x72A379E2B4f6d615B6Bfc275931434E0968cE2c7,6000
0x3B94a452F24D620d4A2D8B22541baf744875C657,4000
0x856d972E5d74f983805765DDfeBCB1F68F917633,4000
0x51Cc88bf2BEe4BB13BDFE9f6735d8639Ab3c9cFA,6000
0xb266EefBdC30b6B6185835435C215c4538B82D6A,6000
0x71513E86b297d9dCE679eeB9C81F55429C188046,6000
0x3a78Cd76ECC97D634dF96DC3d2Ec63cd28E550E1,6000
0x389b8Bd4FAc72ff9Aa5fD888a4B3283Ac4c14b28,6000
0x82cc57f0E387639606238Ddd01a0765efc1CbFFE,2000
0x68cCC78e6fdF223cb0F14337E1Ba9761a9571E28,6000
0x77fcc17608eB06fFa8c6fc4e80dDae8c034270A4,6000
0x060829c4375ff7FfAe4fD963ccC3d69cb18f278e,5000
0x37e2fb9C867B9999E0ed27f669e20F06D1F72e9C,6000
0xDc2e0C623dcE3C72719771b5ebBb7a91e7b303D3,6000
0x3bf5FFF3Db120385AEefa86Ba00A27314a685d33,6000
0x1929E171E57f0023665800CFb6Ebdc7Be472F984,6000
0x4Cf8BE01027aD66c4939181a5b8c5B2b281771f0,4000
0x3E0D70bc88F8E235Ae030C90e43aFCeE85b18a3A,6000
0xAE1081227b690E7dF53Fb43d62e911C8E2812D58,3600
0xA6ba9f1446b3A0457E664cAcE27d8F17f48857D1,6000
0xb066E5Ea17629Aaa244514Cd71dE76722e54c3c7,6000
0xbb9eDBfc50174E498edc19e7C2793437604B1F2b,6000
0x359Af2965D3E040746f18F606EEEE35b4243a989,5000
0xb5440AB3d5DeeB8e3DB87cb1c6BF433a19D3Ff83,6000
0x2A6eda498E9b287DE3AAB757c325B3928959fD06,6000
0xC09Cce4A25cF22BdEcD399b59CBFc5EdAB9a7DD2,6000
0xF203840d1D187d2a6fE4e9E2F62A5181a0e07061,6000
0x4ca2d5E4F222A55221521a8a24b642cEB1483Ff8,2600
0xde7CD32aB40a376567ED74312fe46871e4D2F98E,6000
0x5ba7e9b3a5dD6a5cbf88558E04fA9165d4702Fe7,6000
0xF82F65E590b711E549E721e8B04e442c5cF86517,6000
0xC5a70F91c9bcB6b45edCDc255858e228fEAa993A,6000
0x31571Fe4368683DDe63bf633CDE1209DA8aA8001,2900
0xe54708E8bB541308AAac102C793E6d343017e88e,6000
0x52E5cAB0eDe7303C3DE191eD04E2D22766Df31d0,6000
0x4Cec18793E18EA3f451e6057882FA300178dD686,6000
0x190D222E25FF5778E1FaDbd6890d7D4f32c43568,6000
0xD8E9E8fdD56A5b37214b79D8039f9f8081a8E6B1,6000
0xA27B755e9642a834E0cF8b69C16e026a56A77051,6000
0x64f213a52e9e14b16A0982390F6D8cd7f3526073,3800
0xCd31Ea0bF18779b7BfD06Cc96A78E3faE667d685,6000
0x91ff364093F9cf59898b895b16574354FE473092,6000
0x55AC299595f5e4B9AFCBc01992c78C7361e98b2F,6000
0xA4f98ac9FF3D2bb1eb97E39a8929C85D869af5c5,6000
0x7a482Dd4D7D16dB57ADFF1a4448Dc0AF14ff1b53,6000
0x8E671014220a13f228849773A64A609Caca52414,6000
0x78B310Be75156BA29cFF28bE49adb2D236d5E0E9,2000
0x339D9F1ee30b78f4a255980a60275950D76DCd5D,6000
0x5056A0B893431283871Ad0eF34083De8455C752D,6000
0x553B9a4C55819A076fe23c2F9Db2b1ee55E9C8F1,6000
0x0d6E94D085A597f316bE1833649e05a45103e873,6000
0x0774D8E365ee059D6c0B8e4CEfF9CfeB6dbc6aBd,4000
0xbE76cCD60c9A41195213E53908b001d52534f4BF,2000
0x32e158e3aa5B1199c9179DC5dd33d3f9D3080c2C,1000
0x715a496a169107767E0E0D9398191a57E9f04693,6000
0xA5244A69Bb5B6C54c8de7b1a596ECA4C0C772351,2000
0x1237D04d1024576a4ef3Bb3eE57dee806Aa13533,5000
0x55415A730f218d2F8eB4d71D1b4EF7e896eC4B4E,2000